INSERT INTO soyun.member (member_no, email, is_active, name, account_id, auth_provider, profile_image) VALUES (1, 'user1@gmail.com', true, 'User 1', '1', 'GOOGLE', 'profile_image_1.jpg');
INSERT INTO soyun.member (member_no, email, is_active, name, account_id, auth_provider, profile_image) VALUES (2, 'user2@gmail.com', true, 'User 2', '2', 'NAVER', 'profile_image_2.jpg');
INSERT INTO soyun.member (member_no, email, is_active, name, account_id, auth_provider, profile_image) VALUES (3, 'user3@gmail.com', true, 'User 3', '3', 'KAKAO', 'profile_image_3.jpg');
INSERT INTO soyun.member (member_no, email, is_active, name, account_id, auth_provider, profile_image) VALUES (4, 'user4@gmail.com', true, 'User 4', '4', 'GOOGLE', 'profile_image_4.jpg');
INSERT INTO soyun.member (member_no, email, is_active, name, account_id, auth_provider, profile_image) VALUES (5, 'user5@gmail.com', true, 'User 5', '5', 'NAVER', 'profile_image_5.jpg');
INSERT INTO soyun.member (member_no, email, is_active, name, account_id, auth_provider, profile_image) VALUES (6, 'user6@gmail.com', true, 'User 6', '6', 'KAKAO', 'profile_image_6.jpg');
INSERT INTO soyun.member (member_no, email, is_active, name, account_id, auth_provider, profile_image) VALUES (7, 'user7@gmail.com', true, 'User 7', '7', 'GOOGLE', 'profile_image_7.jpg');
INSERT INTO soyun.member (member_no, email, is_active, name, account_id, auth_provider, profile_image) VALUES (8, 'user8@gmail.com', true, 'User 8', '8', 'NAVER', 'profile_image_8.jpg');
INSERT INTO soyun.member (member_no, email, is_active, name, account_id, auth_provider, profile_image) VALUES (9, 'user9@gmail.com', true, 'User 9', '9', 'KAKAO', 'profile_image_9.jpg');
INSERT INTO soyun.member (member_no, email, is_active, name, account_id, auth_provider, profile_image) VALUES (10, 'user10@gmail.com', true, 'User 10', '10', 'GOOGLE', 'profile_image_10.jpg');
INSERT INTO soyun.member (member_no, email, is_active, name, account_id, auth_provider, profile_image) VALUES (11, 'user11@gmail.com', true, 'User 11', '11', 'NAVER', 'profile_image_11.jpg');
INSERT INTO soyun.member (member_no, email, is_active, name, account_id, auth_provider, profile_image) VALUES (12, 'user12@gmail.com', true, 'User 12', '12', 'KAKAO', 'profile_image_12.jpg');
INSERT INTO soyun.member (member_no, email, is_active, name, account_id, auth_provider, profile_image) VALUES (13, 'user13@gmail.com', true, 'User 13', '13', 'GOOGLE', 'profile_image_13.jpg');
INSERT INTO soyun.member (member_no, email, is_active, name, account_id, auth_provider, profile_image) VALUES (14, 'user14@gmail.com', true, 'User 14', '14', 'NAVER', 'profile_image_14.jpg');
INSERT INTO soyun.member (member_no, email, is_active, name, account_id, auth_provider, profile_image) VALUES (15, 'user15@gmail.com', true, 'User 15', '15', 'KAKAO', 'profile_image_15.jpg');
INSERT INTO soyun.member (member_no, email, is_active, name, account_id, auth_provider, profile_image) VALUES (16, 'user16@gmail.com', true, 'User 16', '16', 'GOOGLE', 'profile_image_16.jpg');
INSERT INTO soyun.member (member_no, email, is_active, name, account_id, auth_provider, profile_image) VALUES (17, 'user17@gmail.com', true, 'User 17', '17', 'NAVER', 'profile_image_17.jpg');
INSERT INTO soyun.member (member_no, email, is_active, name, account_id, auth_provider, profile_image) VALUES (18, 'user18@gmail.com', true, 'User 18', '18', 'KAKAO', 'profile_image_18.jpg');
INSERT INTO soyun.member (member_no, email, is_active, name, account_id, auth_provider, profile_image) VALUES (19, 'user19@gmail.com', true, 'User 19', '19', 'GOOGLE', 'profile_image_19.jpg');
INSERT INTO soyun.member (member_no, email, is_active, name, account_id, auth_provider, profile_image) VALUES (20, 'user20@gmail.com', true, 'User 20', '20', 'NAVER', 'profile_image_20.jpg');
INSERT INTO soyun.member (member_no, email, is_active, name, account_id, auth_provider, profile_image) VALUES (21, 'kiyoog02@gmail.com', true, '[서울_4반_A403_강인영]', '117443090239275032418', 'GOOGLE', null);
INSERT INTO soyun.member (member_no, email, is_active, name, account_id, auth_provider, profile_image) VALUES (22, 'bitcoin25915@gmail.com', true, '김서우', '113678503795191004382', 'GOOGLE', null);
INSERT INTO soyun.member (member_no, email, is_active, name, account_id, auth_provider, profile_image) VALUES (23, 'mydowson@gmail.com', true, '정지원', '101671131194112182851', 'GOOGLE', null);
INSERT INTO soyun.member (member_no, email, is_active, name, account_id, auth_provider, profile_image) VALUES (44, 'jwoohaha@gmail.com', true, '하재우', '104577004781616899503', 'GOOGLE', null);

INSERT INTO soyun.counselor (counselor_no, address, career, counselor_type, end_time, intro, major, phone, rating_avg, review_cnt, start_time, member_no) VALUES (1, '123 Main St, City', '5 years', 'SAJU', null, 'I am a psychologist.', 'Psychology', '123-456-7890', 0, 0, null, 1);
INSERT INTO soyun.counselor (counselor_no, address, career, counselor_type, end_time, intro, major, phone, rating_avg, review_cnt, start_time, member_no) VALUES (2, '456 First Ave, Town', '8 years', 'TARO', null, 'I specialize in relationship counseling.', 'Relationships', '987-654-3210', 0, 0, null, 2);
INSERT INTO soyun.counselor (counselor_no, address, career, counselor_type, end_time, intro, major, phone, rating_avg, review_cnt, start_time, member_no) VALUES (3, '789 Second Rd, Village', '12 years', 'BOTH', null, 'I am experienced in family counseling.', 'Family Therapy', '111-222-3333', 0, 0, null, 3);
INSERT INTO soyun.counselor (counselor_no, address, career, counselor_type, end_time, intro, major, phone, rating_avg, review_cnt, start_time, member_no) VALUES (4, '567 Third Blvd, County', '6 years', 'SAJU', null, 'I am a professional counselor.', 'Counseling', '444-555-6666', 4, 8, null, 1);
INSERT INTO soyun.counselor (counselor_no, address, career, counselor_type, end_time, intro, major, phone, rating_avg, review_cnt, start_time, member_no) VALUES (5, '890 Fourth Ave, Village', '10 years', 'TARO', null, 'I specialize in marriage counseling.', 'Marriage Counseling', '777-888-9999', 4.6, 12, null, 2);
INSERT INTO soyun.counselor (counselor_no, address, career, counselor_type, end_time, intro, major, phone, rating_avg, review_cnt, start_time, member_no) VALUES (6, '123 Fifth St, City', '15 years', 'BOTH', null, 'I am experienced in mental health counseling.', 'Mental Health', '222-333-4444', 4.9, 18, null, 3);
INSERT INTO soyun.counselor (counselor_no, address, career, counselor_type, end_time, intro, major, phone, rating_avg, review_cnt, start_time, member_no) VALUES (7, '345 Sixth Rd, Town', '7 years', 'SAJU', null, 'I am a career counselor.', 'Career Counseling', '333-444-5555', 4.3, 9, null, 4);
INSERT INTO soyun.counselor (counselor_no, address, career, counselor_type, end_time, intro, major, phone, rating_avg, review_cnt, start_time, member_no) VALUES (8, '567 Seventh Ave, Village', '9 years', 'TARO', null, 'I specialize in addiction counseling.', 'Addiction Counseling', '666-777-8888', 4.1, 14, null, 5);
INSERT INTO soyun.counselor (counselor_no, address, career, counselor_type, end_time, intro, major, phone, rating_avg, review_cnt, start_time, member_no) VALUES (9, '789 Eighth Blvd, County', '11 years', 'BOTH', null, 'I am experienced in child counseling.', 'Child Counseling', '888-999-0000', 4.7, 16, null, 6);
INSERT INTO soyun.counselor (counselor_no, address, career, counselor_type, end_time, intro, major, phone, rating_avg, review_cnt, start_time, member_no) VALUES (10, '890 Ninth St, City', '8 years', 'SAJU', '14:00', 'I am a grief counselor.', 'Grief Counseling', '000-111-2222', 4.4, 11, '9:00', 10);
INSERT INTO soyun.counselor (counselor_no, address, career, counselor_type, end_time, intro, major, phone, rating_avg, review_cnt, start_time, member_no) VALUES (11, '123 Tenth Rd, Town', '5 years', 'TARO', '14:00', 'I specialize in teen counseling.', 'Teen Counseling', '111-222-3333', 4.2, 13, '10:00', 11);
INSERT INTO soyun.counselor (counselor_no, address, career, counselor_type, end_time, intro, major, phone, rating_avg, review_cnt, start_time, member_no) VALUES (12, '456 Eleventh Ave, Village', '14 years', 'BOTH', '14:30', 'I am experienced in group therapy.', 'Group Therapy', '222-333-4444', 4.9, 17, '10:30', 12);
INSERT INTO soyun.counselor (counselor_no, address, career, counselor_type, end_time, intro, major, phone, rating_avg, review_cnt, start_time, member_no) VALUES (13, '789 Twelfth Blvd, County', '6 years', 'SAJU', '12:30', 'I am a trauma counselor.', 'Trauma Counseling', '333-444-5555', 3.9, 7, '11:00', 13);
INSERT INTO soyun.counselor (counselor_no, address, career, counselor_type, end_time, intro, major, phone, rating_avg, review_cnt, start_time, member_no) VALUES (14, '890 Thirteenth St, City', '12 years', 'TARO', '12:00', 'I specialize in couples counseling.', 'Couples Counseling', '444-555-6666', 4.7, 19, '10:00', 14);
INSERT INTO soyun.counselor (counselor_no, address, career, counselor_type, end_time, intro, major, phone, rating_avg, review_cnt, start_time, member_no) VALUES (15, '123 Fourteenth Rd, Town', '10 years', 'BOTH', '15:30', 'I am experienced in art therapy.', 'Art Therapy', '555-666-7777', 4.8, 22, '9:30', 15);
INSERT INTO soyun.counselor (counselor_no, address, career, counselor_type, end_time, intro, major, phone, rating_avg, review_cnt, start_time, member_no) VALUES (16, '456 Fifteenth Ave, Village', '9 years', 'SAJU', '16:30', 'I am a behavioral therapist.', 'Behavioral Therapy', '666-777-8888', 3.8, 6, '13:00', 16);
INSERT INTO soyun.counselor (counselor_no, address, career, counselor_type, end_time, intro, major, phone, rating_avg, review_cnt, start_time, member_no) VALUES (17, '789 Sixteenth Blvd, County', '7 years', 'TARO', '16:00', 'I specialize in play therapy.', 'Play Therapy', '777-888-9999', 4.3, 10, '15:00', 17);
INSERT INTO soyun.counselor (counselor_no, address, career, counselor_type, end_time, intro, major, phone, rating_avg, review_cnt, start_time, member_no) VALUES (18, '890 Seventeenth St, City', '13 years', 'BOTH', '13:00', 'I am experienced in cognitive therapy.', 'Cognitive Therapy', '888-999-0000', 4.9, 21, '12:00', 18);
INSERT INTO soyun.counselor (counselor_no, address, career, counselor_type, end_time, intro, major, phone, rating_avg, review_cnt, start_time, member_no) VALUES (19, '123 Eighteenth Rd, Town', '11 years', 'SAJU', '14:30', 'I am a sports psychologist.', 'Sports Psychology', '000-111-2222', 3.7, 5, '11:00', 19);
INSERT INTO soyun.counselor (counselor_no, address, career, counselor_type, end_time, intro, major, phone, rating_avg, review_cnt, start_time, member_no) VALUES (20, '456 Nineteenth Ave, Village', '8 years', 'TARO', '12:00', 'I specialize in crisis counseling.', 'Crisis Counseling', '111-222-3333', 4, 11, '11:30', 20);

INSERT INTO soyun.member_role (member_no, roles) VALUES (1, 'ROLE_USER');
INSERT INTO soyun.member_role (member_no, roles) VALUES (21, 'ROLE_USER');
INSERT INTO soyun.member_role (member_no, roles) VALUES (22, 'ROLE_USER');
INSERT INTO soyun.member_role (member_no, roles) VALUES (23, 'ROLE_USER');
INSERT INTO soyun.member_role (member_no, roles) VALUES (44, 'ROLE_USER');
